geoid,region_type
010070100011,block group
010070100012,block group
010070100051,block group
010070100052,block group
010070100053,block group
010070100061,block group
010070100062,block group
010070100071,block group
010070100072,block group
010070100082,block group
010070100093,block group
010070100102,block group
010070100111,block group
010090501051,block group
010090501052,block group
010090501053,block group
010090501054,block group
010090501061,block group
010090501062,block group
010090501071,block group
010090501072,block group
010090502001,block group
010090502002,block group
010090503011,block group
010090503012,block group
010090503021,block group
010090503022,block group
010090504001,block group
010090505012,block group
010090505013,block group
010090505022,block group
010090505023,block group
010090506012,block group
010090506013,block group
010090506031,block group
010090506032,block group
010090506033,block group
010090506041,block group
010090506042,block group
010090506043,block group
010090506044,block group
010090507012,block group
010090507013,block group
010439641002,block group
010439641005,block group
010439642022,block group
010439643001,block group
010439643002,block group
010439643003,block group
010439643004,block group
010439644001,block group
010439645001,block group
010439645002,block group
010439645003,block group
010439646001,block group
010439646002,block group
010439646003,block group
010439647001,block group
010439647002,block group
010439647003,block group
010439648001,block group
010439648002,block group
010439648003,block group
010439648004,block group
010439649011,block group
010439649012,block group
010439649014,block group
010439649021,block group
010439649022,block group
010439650011,block group
010439650012,block group
010439650021,block group
010439650022,block group
010439650023,block group
010439650024,block group
010439651001,block group
010439651002,block group
010439652001,block group
010439652002,block group
010439653001,block group
010439653002,block group
010439653003,block group
010439654011,block group
010439654013,block group
010439654021,block group
010439655011,block group
010439655022,block group
010439657001,block group
010730004001,block group
010730004003,block group
010730005003,block group
010730007001,block group
010730007002,block group
010730007003,block group
010730008001,block group
010730008002,block group
010730008004,block group
010730012001,block group
010730012002,block group
010730012003,block group
010730014001,block group
010730014003,block group
010730015001,block group
010730015003,block group
010730015004,block group
010730016001,block group
010730019021,block group
010730019022,block group
010730019023,block group
010730020003,block group
010730021001,block group
010730021003,block group
010730022002,block group
010730023031,block group
010730023032,block group
010730023033,block group
010730023051,block group
010730023052,block group
010730023061,block group
010730023062,block group
010730023063,block group
010730024012,block group
010730024013,block group
010730024014,block group
010730024015,block group
010730027022,block group
010730027023,block group
010730027025,block group
010730029001,block group
010730029002,block group
010730030012,block group
010730030021,block group
010730030023,block group
010730030024,block group
010730031002,block group
010730031003,block group
010730031004,block group
010730032001,block group
010730032002,block group
010730033002,block group
010730034001,block group
010730034002,block group
010730034004,block group
010730035001,block group
010730035003,block group
010730036001,block group
010730036004,block group
010730036006,block group
010730037001,block group
010730037002,block group
010730037004,block group
010730038021,block group
010730038023,block group
010730038024,block group
010730038032,block group
010730039001,block group
010730040004,block group
010730040005,block group
010730042001,block group
010730045011,block group
010730045022,block group
010730045023,block group
010730045024,block group
010730047013,block group
010730047014,block group
010730047021,block group
010730047022,block group
010730047023,block group
010730048001,block group
010730048002,block group
010730049011,block group
010730049012,block group
010730049021,block group
010730049022,block group
010730049023,block group
010730050001,block group
010730050002,block group
010730050003,block group
010730050004,block group
010730051012,block group
010730051031,block group
010730051032,block group
010730051041,block group
010730051042,block group
010730051043,block group
010730051044,block group
010730052001,block group
010730052002,block group
010730052003,block group
010730052004,block group
010730053021,block group
010730053022,block group
010730053023,block group
010730055001,block group
010730055002,block group
010730056001,block group
010730056002,block group
010730056003,block group
010730056004,block group
010730056005,block group
010730057011,block group
010730057012,block group
010730057021,block group
010730057022,block group
010730057024,block group
010730058001,block group
010730058002,block group
010730058003,block group
010730058004,block group
010730059031,block group
010730059033,block group
010730059051,block group
010730059052,block group
010730059053,block group
010730059071,block group
010730059081,block group
010730059082,block group
010730059083,block group
010730059091,block group
010730059101,block group
010730059102,block group
010730059103,block group
010730059104,block group
010730100011,block group
010730100012,block group
010730100013,block group
010730100014,block group
010730100021,block group
010730100022,block group
010730100023,block group
010730100024,block group
010730101003,block group
010730102001,block group
010730102002,block group
010730102003,block group
010730103011,block group
010730103013,block group
010730103021,block group
010730103022,block group
010730103023,block group
010730104011,block group
010730104012,block group
010730104015,block group
010730104021,block group
010730105002,block group
010730105003,block group
010730106031,block group
010730106041,block group
010730106045,block group
010730106051,block group
010730107012,block group
010730107021,block group
010730107022,block group
010730107023,block group
010730107024,block group
010730107031,block group
010730107032,block group
010730107041,block group
010730107042,block group
010730107051,block group
010730107052,block group
010730107053,block group
010730107061,block group
010730107063,block group
010730108011,block group
010730108012,block group
010730108014,block group
010730108021,block group
010730108022,block group
010730108031,block group
010730108032,block group
010730108033,block group
010730108034,block group
010730108041,block group
010730108042,block group
010730108061,block group
010730108062,block group
010730108063,block group
010730108071,block group
010730109001,block group
010730109003,block group
010730109004,block group
010730109006,block group
010730110021,block group
010730110022,block group
010730110031,block group
010730110032,block group
010730110041,block group
010730110042,block group
010730110043,block group
010730111081,block group
010730111082,block group
010730111083,block group
010730111085,block group
010730111091,block group
010730111093,block group
010730111101,block group
010730111102,block group
010730111103,block group
010730111104,block group
010730111121,block group
010730111123,block group
010730111131,block group
010730111132,block group
010730111133,block group
010730111141,block group
010730111142,block group
010730111143,block group
010730111151,block group
010730111152,block group
010730111153,block group
010730111154,block group
010730111161,block group
010730111162,block group
010730111171,block group
010730111172,block group
010730111173,block group
010730111174,block group
010730112051,block group
010730112061,block group
010730112062,block group
010730112063,block group
010730112071,block group
010730112072,block group
010730112073,block group
010730112081,block group
010730112082,block group
010730112083,block group
010730112091,block group
010730112092,block group
010730112101,block group
010730112102,block group
010730112103,block group
010730113011,block group
010730113012,block group
010730113013,block group
010730113031,block group
010730113032,block group
010730113041,block group
010730114011,block group
010730114012,block group
010730114021,block group
010730114022,block group
010730114023,block group
010730115001,block group
010730115002,block group
010730115003,block group
010730115004,block group
010730115005,block group
010730116001,block group
010730116002,block group
010730116003,block group
010730117041,block group
010730117042,block group
010730117043,block group
010730117061,block group
010730117062,block group
010730117071,block group
010730117072,block group
010730117081,block group
010730117082,block group
010730117083,block group
010730117091,block group
010730117092,block group
010730117093,block group
010730117101,block group
010730117102,block group
010730117103,block group
010730118031,block group
010730118032,block group
010730118033,block group
010730118041,block group
010730118043,block group
010730118051,block group
010730118052,block group
010730118053,block group
010730118061,block group
010730118062,block group
010730119011,block group
010730119013,block group
010730119041,block group
010730119042,block group
010730119043,block group
010730120011,block group
010730120012,block group
010730120013,block group
010730120031,block group
010730120032,block group
010730120041,block group
010730120042,block group
010730120043,block group
010730120044,block group
010730121031,block group
010730121032,block group
010730121033,block group
010730121034,block group
010730121035,block group
010730121041,block group
010730121042,block group
010730121043,block group
010730122001,block group
010730122002,block group
010730123021,block group
010730123022,block group
010730123023,block group
010730123041,block group
010730123042,block group
010730123061,block group
010730123062,block group
010730123063,block group
010730123071,block group
010730123073,block group
010730124011,block group
010730124012,block group
010730124021,block group
010730124022,block group
010730124023,block group
010730124031,block group
010730124032,block group
010730125001,block group
010730125002,block group
010730125003,block group
010730125004,block group
010730126021,block group
010730126023,block group
010730126024,block group
010730127011,block group
010730127012,block group
010730127013,block group
010730127014,block group
010730127031,block group
010730127032,block group
010730127033,block group
010730127034,block group
010730127041,block group
010730127042,block group
010730128021,block group
010730128022,block group
010730128023,block group
010730128041,block group
010730128042,block group
010730128043,block group
010730128051,block group
010730128052,block group
010730129051,block group
010730129052,block group
010730129071,block group
010730129072,block group
010730129073,block group
010730129074,block group
010730129081,block group
010730129082,block group
010730129083,block group
010730129084,block group
010730129101,block group
010730129102,block group
010730129111,block group
010730129112,block group
010730129113,block group
010730129114,block group
010730129132,block group
010730129133,block group
010730129141,block group
010730129161,block group
010730129162,block group
010730129171,block group
010730129172,block group
010730129182,block group
010730129192,block group
010730129201,block group
010730129212,block group
010730129213,block group
010730130021,block group
010730130022,block group
010730131001,block group
010730131002,block group
010730131003,block group
010730131004,block group
010730132001,block group
010730132002,block group
010730132003,block group
010730133001,block group
010730133002,block group
010730134001,block group
010730134002,block group
010730134003,block group
010730134004,block group
010730136011,block group
010730136013,block group
010730136014,block group
010730136015,block group
010730138011,block group
010730138012,block group
010730138013,block group
010730139021,block group
010730139022,block group
010730140011,block group
010730140012,block group
010730140013,block group
010730140014,block group
010730140021,block group
010730140022,block group
010730141042,block group
010730141043,block group
010730141051,block group
010730141053,block group
010730141054,block group
010730141061,block group
010730141062,block group
010730141071,block group
010730141072,block group
010730142052,block group
010730142061,block group
010730142063,block group
010730142071,block group
010730142072,block group
010730142073,block group
010730142081,block group
010730142082,block group
010730142083,block group
010730142084,block group
010730142091,block group
010730142092,block group
010730142093,block group
010730143011,block group
010730143013,block group
010730143031,block group
010730143032,block group
010730143033,block group
010730143034,block group
010730143041,block group
010730143042,block group
010730144041,block group
010730144042,block group
010730144043,block group
010730144051,block group
010730144052,block group
010730144053,block group
010730144061,block group
010730144062,block group
010730144063,block group
010730144064,block group
010730144081,block group
010730144083,block group
010730144091,block group
010730144092,block group
010730144101,block group
010730144102,block group
010730144103,block group
010730144121,block group
010730144122,block group
010730144141,block group
010730144142,block group
010730144143,block group
010730144151,block group
010730144152,block group
011150401041,block group
011150401042,block group
011150401043,block group
011150401044,block group
011150401051,block group
011150401052,block group
011150401053,block group
011150401071,block group
011150401073,block group
011150401081,block group
011150401082,block group
011150401083,block group
011150401091,block group
011150401092,block group
011150401101,block group
011150401102,block group
011150401103,block group
011150402061,block group
011150402062,block group
011150402072,block group
011150402081,block group
011150402091,block group
011150402092,block group
011150402101,block group
011150402102,block group
011150402103,block group
011150402111,block group
011150402112,block group
011150402113,block group
011150402121,block group
011150402122,block group
011150402131,block group
011150402132,block group
011150402133,block group
011150403011,block group
011150403012,block group
011150403021,block group
011150403022,block group
011150404011,block group
011150404012,block group
011150404014,block group
011150404021,block group
011150404022,block group
011150404023,block group
011150405031,block group
011150405032,block group
011150405033,block group
011150405041,block group
011150405042,block group
011150405043,block group
011150405061,block group
011150405062,block group
011150405063,block group
011150405071,block group
011150405072,block group
011150405081,block group
011170301022,block group
011170301023,block group
011170301031,block group
011170302111,block group
011170302112,block group
011170302121,block group
011170302122,block group
011170302123,block group
011170302151,block group
011170302152,block group
011170302161,block group
011170302162,block group
011170302163,block group
011170302164,block group
011170302181,block group
011170302182,block group
011170302191,block group
011170302192,block group
011170302201,block group
011170302202,block group
011170302203,block group
011170302204,block group
011170302212,block group
011170302213,block group
011170303041,block group
011170303042,block group
011170303043,block group
011170303044,block group
011170303051,block group
011170303052,block group
011170303053,block group
011170303061,block group
011170303062,block group
011170303063,block group
011170303141,block group
011170303142,block group
011170303151,block group
011170303152,block group
011170303153,block group
011170303161,block group
011170303162,block group
011170303163,block group
011170303171,block group
011170303172,block group
011170303173,block group
011170303191,block group
011170303192,block group
011170303201,block group
011170303202,block group
011170303203,block group
011170303301,block group
011170303302,block group
011170303303,block group
011170303312,block group
011170303313,block group
011170303314,block group
011170303361,block group
011170303362,block group
011170303363,block group
011170303364,block group
011170303371,block group
011170303401,block group
011170303402,block group
011170303403,block group
011170303411,block group
011170303461,block group
011170303462,block group
011170303471,block group
011170303472,block group
011170303473,block group
011170303481,block group
011170303482,block group
011170303483,block group
011170303491,block group
011170303501,block group
011170303502,block group
011170303512,block group
011170303521,block group
011170303522,block group
011170303523,block group
011170303524,block group
011170304051,block group
011170304061,block group
011170304062,block group
011170304072,block group
011170304081,block group
011170304082,block group
011170304083,block group
011170305021,block group
011170305022,block group
011170305031,block group
011170305032,block group
011170305041,block group
011170305042,block group
011170306071,block group
011170306072,block group
011170306073,block group
011170306101,block group
011170306103,block group
011170306111,block group
011170306121,block group
011170306131,block group
011170306133,block group
011170306141,block group
011170306151,block group
011170306161,block group
011170306162,block group
011170307011,block group
011170307012,block group
011170307014,block group
011170307031,block group
011170307033,block group
011170307043,block group
011250101012,block group
011250101021,block group
011250101022,block group
011250101042,block group
011250101052,block group
011250101053,block group
011250102011,block group
011250102031,block group
011250102032,block group
011250102042,block group
011250102043,block group
011250102044,block group
011250102051,block group
011250102052,block group
011250102062,block group
011250103021,block group
011250103023,block group
011250103031,block group
011250103033,block group
011250103041,block group
011250103042,block group
011250103051,block group
011250103052,block group
011250104031,block group
011250104032,block group
011250104042,block group
011250104051,block group
011250104052,block group
011250104061,block group
011250104062,block group
011250104063,block group
011250104071,block group
011250104072,block group
011250105001,block group
011250106011,block group
011250106012,block group
011250106013,block group
011250106014,block group
011250106031,block group
011250106033,block group
011250106042,block group
011250106044,block group
011250107031,block group
011250107032,block group
011250107041,block group
011250107042,block group
011250107051,block group
011250107052,block group
011250107061,block group
011250107062,block group
011250107063,block group
011250107064,block group
011250107072,block group
011250107073,block group
011250107074,block group
011250108021,block group
011250108022,block group
011250108031,block group
011250108032,block group
011250108041,block group
011250108042,block group
011250114012,block group
011250114021,block group
011250114024,block group
011250116001,block group
011250116002,block group
011250117011,block group
011250117012,block group
011250117031,block group
011250117032,block group
011250117033,block group
011250118001,block group
011250118003,block group
011250118004,block group
011250119011,block group
011250119012,block group
011250119013,block group
011250119014,block group
011250119021,block group
011250119022,block group
011250120021,block group
011250120022,block group
011250121012,block group
011250121013,block group
011250121022,block group
011250123051,block group
011250123053,block group
011250123062,block group
011250123063,block group
011250124033,block group
011250124041,block group
011250124042,block group
011250124061,block group
011250124062,block group
011250124071,block group
011250124081,block group
011250124082,block group
011250125011,block group
011250125031,block group
011250125032,block group
011250125033,block group
011250125051,block group
011250125052,block group
011250126001,block group
011250127001,block group
011250127002,block group
011250127003,block group
011250128001,block group
011250128002,block group
130570901011,block group
130570901012,block group
130570901013,block group
130570901021,block group
130570901022,block group
130570901023,block group
130570901031,block group
130570902011,block group
130570902012,block group
130570902021,block group
130570903011,block group
130570903022,block group
130570903031,block group
130570904012,block group
130570904022,block group
130570904023,block group
130570905031,block group
130570905032,block group
130570905041,block group
130570905051,block group
130570905052,block group
130570905061,block group
130570905062,block group
130570905071,block group
130570905072,block group
130570906041,block group
130570906051,block group
130570906061,block group
130570907042,block group
130570907051,block group
130570907052,block group
130570907062,block group
130570907071,block group
130570907083,block group
130570907101,block group
130570907102,block group
130570908051,block group
130570908052,block group
130570908053,block group
130570908061,block group
130570908062,block group
130570908071,block group
130570908072,block group
130570908083,block group
130570908092,block group
130570908102,block group
130570909051,block group
130570909052,block group
130570909053,block group
130570909054,block group
130570909061,block group
130570909063,block group
130570909071,block group
130570909072,block group
130570909081,block group
130570909082,block group
130570909091,block group
130570909093,block group
130570909101,block group
130570909111,block group
130570909112,block group
130570909121,block group
130570909122,block group
130570910011,block group
130570910012,block group
130570910013,block group
130570910061,block group
130570910062,block group
130570910071,block group
130570910072,block group
130570910074,block group
130570910091,block group
130570910093,block group
130570910101,block group
130570910102,block group
130570910111,block group
130570910112,block group
130570910121,block group
130570910122,block group
130570910123,block group
130570910141,block group
130570910142,block group
130570911011,block group
130570911012,block group
130570911013,block group
130570911014,block group
130570911041,block group
130570911042,block group
130570911051,block group
130570911052,block group
130570911053,block group
130570911061,block group
130570911062,block group
130570911071,block group
130570911072,block group
130570911081,block group
130630402021,block group
130630402022,block group
130630402031,block group
130630402032,block group
130630402033,block group
130630402034,block group
130630402041,block group
130630402042,block group
130630402043,block group
130630402044,block group
130630403021,block group
130630403022,block group
130630403023,block group
130630403024,block group
130630403061,block group
130630403063,block group
130630403071,block group
130630403072,block group
130630403081,block group
130630403082,block group
130630403083,block group
130630403084,block group
130630403091,block group
130630403092,block group
130630403101,block group
130630403103,block group
130630404071,block group
130630404072,block group
130630404073,block group
130630404091,block group
130630404092,block group
130630404093,block group
130630404094,block group
130630404101,block group
130630404102,block group
130630404104,block group
130630404105,block group
130630404141,block group
130630404161,block group
130630404162,block group
130630404171,block group
130630404172,block group
130630404173,block group
130630404174,block group
130630404181,block group
130630404182,block group
130630404191,block group
130630404193,block group
130630404201,block group
130630404202,block group
130630404203,block group
130630404204,block group
130630404212,block group
130630404214,block group
130630404215,block group
130630404222,block group
130630404223,block group
130630404231,block group
130630404232,block group
130630404233,block group
130630404242,block group
130630404251,block group
130630404252,block group
130630404261,block group
130630404262,block group
130630404271,block group
130630404272,block group
130630404273,block group
130630405091,block group
130630405092,block group
130630405093,block group
130630405101,block group
130630405102,block group
130630405121,block group
130630405122,block group
130630405123,block group
130630405124,block group
130630405131,block group
130630405132,block group
130630405133,block group
130630405181,block group
130630405182,block group
130630405183,block group
130630405184,block group
130630405191,block group
130630405192,block group
130630405193,block group
130630405211,block group
130630405212,block group
130630405221,block group
130630405222,block group
130630405223,block group
130630405224,block group
130630405231,block group
130630405232,block group
130630405251,block group
130630405272,block group
130630405281,block group
130630405282,block group
130630405283,block group
130630405291,block group
130630405292,block group
130630405301,block group
130630405302,block group
130630405303,block group
130630405311,block group
130630405312,block group
130630405321,block group
130630405322,block group
130630405331,block group
130630405332,block group
130630405341,block group
130630405342,block group
130630405351,block group
130630405352,block group
130630405361,block group
130630405362,block group
130630405371,block group
130630405372,block group
130630405381,block group
130630405382,block group
130630406061,block group
130630406062,block group
130630406063,block group
130630406091,block group
130630406092,block group
130630406093,block group
130630406094,block group
130630406141,block group
130630406142,block group
130630406143,block group
130630406151,block group
130630406171,block group
130630406231,block group
130630406232,block group
130630406233,block group
130630406234,block group
130630406241,block group
130630406242,block group
130630406251,block group
130630406252,block group
130630406261,block group
130630406262,block group
130630406263,block group
130630406271,block group
130630406272,block group
130630406281,block group
130630406282,block group
130630406291,block group
130630406292,block group
130630406302,block group
130630406303,block group
130630406311,block group
130630406312,block group
130630406313,block group
130630406314,block group
130630406321,block group
130630406322,block group
130630406323,block group
130630406324,block group
130630406332,block group
130630406342,block group
130630406351,block group
130630406352,block group
130630406361,block group
130630406362,block group
130630406363,block group
130630406371,block group
130630406381,block group
130630406382,block group
130630406391,block group
130630406392,block group
130670301041,block group
130670301042,block group
130670301043,block group
130670301071,block group
130670301072,block group
130670301073,block group
130670301074,block group
130670301081,block group
130670301082,block group
130670301083,block group
130670301084,block group
130670301091,block group
130670301092,block group
130670301101,block group
130670301102,block group
130670301111,block group
130670301112,block group
130670301113,block group
130670301121,block group
130670301122,block group
130670301131,block group
130670301132,block group
130670302201,block group
130670302331,block group
130670302333,block group
130670302352,block group
130670302353,block group
130670302354,block group
130670302361,block group
130670302362,block group
130670302363,block group
130670302364,block group
130670302402,block group
130670302404,block group
130670302411,block group
130670302422,block group
130670302423,block group
130670302431,block group
130670302432,block group
130670302441,block group
130670302442,block group
130670302443,block group
130670302451,block group
130670302452,block group
130670302461,block group
130670302471,block group
130670302472,block group
130670302482,block group
130670302491,block group
130670302492,block group
130670302493,block group
130670302501,block group
130670302503,block group
130670302511,block group
130670302512,block group
130670302521,block group
130670302522,block group
130670302523,block group
130670302531,block group
130670302532,block group
130670302541,block group
130670302551,block group
130670302552,block group
130670302553,block group
130670302562,block group
130670302571,block group
130670302572,block group
130670302573,block group
130670302581,block group
130670302582,block group
130670302591,block group
130670302592,block group
130670302601,block group
130670302602,block group
130670302611,block group
130670302612,block group
130670302621,block group
130670302622,block group
130670302632,block group
130670302641,block group
130670302642,block group
130670302651,block group
130670302652,block group
130670302661,block group
130670302662,block group
130670302671,block group
130670302672,block group
130670302681,block group
130670302691,block group
130670302701,block group
130670302702,block group
130670302711,block group
130670302712,block group
130670302722,block group
130670302731,block group
130670302732,block group
130670302733,block group
130670302742,block group
130670302743,block group
130670302761,block group
130670302771,block group
130670302772,block group
130670302781,block group
130670302783,block group
130670303191,block group
130670303192,block group
130670303221,block group
130670303222,block group
130670303241,block group
130670303242,block group
130670303243,block group
130670303261,block group
130670303271,block group
130670303272,block group
130670303273,block group
130670303291,block group
130670303292,block group
130670303293,block group
130670303311,block group
130670303314,block group
130670303321,block group
130670303322,block group
130670303341,block group
130670303342,block group
130670303351,block group
130670303352,block group
130670303353,block group
130670303354,block group
130670303371,block group
130670303372,block group
130670303373,block group
130670303401,block group
130670303402,block group
130670303411,block group
130670303412,block group
130670303413,block group
130670303421,block group
130670303422,block group
130670303431,block group
130670303432,block group
130670303433,block group
130670303441,block group
130670303442,block group
130670303443,block group
130670303451,block group
130670303452,block group
130670303454,block group
130670303462,block group
130670303463,block group
130670303471,block group
130670303472,block group
130670303473,block group
130670303474,block group
130670303481,block group
130670303482,block group
130670303483,block group
130670303484,block group
130670303491,block group
130670303493,block group
130670303501,block group
130670303502,block group
130670303512,block group
130670303521,block group
130670303522,block group
130670303531,block group
130670303532,block group
130670303533,block group
130670303541,block group
130670303542,block group
130670303543,block group
130670303551,block group
130670303561,block group
130670303562,block group
130670303571,block group
130670303572,block group
130670303581,block group
130670303582,block group
130670303591,block group
130670303592,block group
130670303593,block group
130670303601,block group
130670303602,block group
130670303611,block group
130670303612,block group
130670303613,block group
130670303621,block group
130670303622,block group
130670303631,block group
130670303632,block group
130670303641,block group
130670303642,block group
130670303651,block group
130670303652,block group
130670303661,block group
130670303662,block group
130670303671,block group
130670303672,block group
130670303681,block group
130670303682,block group
130670303691,block group
130670303692,block group
130670303701,block group
130670303702,block group
130670303703,block group
130670304051,block group
130670304053,block group
130670304054,block group
130670304055,block group
130670304071,block group
130670304072,block group
130670304073,block group
130670304081,block group
130670304082,block group
130670304091,block group
130670304092,block group
130670304101,block group
130670304103,block group
130670304104,block group
130670304111,block group
130670304112,block group
130670304113,block group
130670304121,block group
130670304122,block group
130670304131,block group
130670304132,block group
130670304133,block group
130670304142,block group
130670305051,block group
130670305052,block group
130670305053,block group
130670305061,block group
130670305062,block group
130670305071,block group
130670305072,block group
130670305073,block group
130670305082,block group
130670305091,block group
130670305092,block group
130670305101,block group
130670305111,block group
130670305112,block group
130670305113,block group
130670306021,block group
130670306022,block group
130670306023,block group
130670306024,block group
130670306025,block group
130670306031,block group
130670306041,block group
130670307001,block group
130670307002,block group
130670307003,block group
130670308002,block group
130670309062,block group
130670309063,block group
130670309071,block group
130670309073,block group
130670309081,block group
130670309082,block group
130670309083,block group
130670309091,block group
130670309092,block group
130670309101,block group
130670309102,block group
130670309111,block group
130670309112,block group
130670309121,block group
130670309122,block group
130670309123,block group
130670309125,block group
130670310011,block group
130670310012,block group
130670310013,block group
130670310042,block group
130670310043,block group
130670310044,block group
130670310051,block group
130670310052,block group
130670310053,block group
130670310054,block group
130670310061,block group
130670310062,block group
130670310071,block group
130670310073,block group
130670310074,block group
130670311011,block group
130670311012,block group
130670311013,block group
130670311014,block group
130670311101,block group
130670311102,block group
130670311111,block group
130670311112,block group
130670311113,block group
130670311121,block group
130670311122,block group
130670311123,block group
130670311131,block group
130670311141,block group
130670311142,block group
130670311143,block group
130670311144,block group
130670311145,block group
130670311151,block group
130670311152,block group
130670311153,block group
130670311161,block group
130670311162,block group
130670311171,block group
130670311172,block group
130670311173,block group
130670311174,block group
130670311181,block group
130670311182,block group
130670311184,block group
130670311191,block group
130670311192,block group
130670311193,block group
130670311201,block group
130670311202,block group
130670311211,block group
130670311212,block group
130670311221,block group
130670311222,block group
130670311223,block group
130670312071,block group
130670312073,block group
130670312074,block group
130670312091,block group
130670312093,block group
130670312131,block group
130670312132,block group
130670312141,block group
130670312142,block group
130670312151,block group
130670312152,block group
130670312153,block group
130670312154,block group
130670312161,block group
130670312162,block group
130670312171,block group
130670312172,block group
130670312173,block group
130670312174,block group
130670312181,block group
130670312183,block group
130670312192,block group
130670312202,block group
130670312212,block group
130670313061,block group
130670313062,block group
130670313081,block group
130670313082,block group
130670313083,block group
130670313084,block group
130670313141,block group
130670313142,block group
130670313151,block group
130670313152,block group
130670313153,block group
130670313161,block group
130670313162,block group
130670313171,block group
130670313172,block group
130670313173,block group
130670313181,block group
130670313182,block group
130670313183,block group
130670313191,block group
130670313192,block group
130670313194,block group
130670313203,block group
130670313211,block group
130670313222,block group
130670313232,block group
130670313241,block group
130670313243,block group
130670313251,block group
130670313252,block group
130670314091,block group
130670314092,block group
130670314093,block group
130670314094,block group
130670314103,block group
130670314111,block group
130670314113,block group
130670314121,block group
130670314122,block group
130670314123,block group
130670314131,block group
130670314133,block group
130670314141,block group
130670314142,block group
130670314161,block group
130670314162,block group
130670314163,block group
130670314171,block group
130670315061,block group
130670315062,block group
130670315063,block group
130670315065,block group
130670315071,block group
130670315072,block group
130670315101,block group
130670315102,block group
130670315111,block group
130670315112,block group
130670315113,block group
130670315114,block group
130670315122,block group
130670315123,block group
130670315124,block group
130670315131,block group
130670315132,block group
130670315133,block group
130670315141,block group
130670315142,block group
130670315151,block group
130670315152,block group
130670315161,block group
130670315162,block group
130670315181,block group
130890201001,block group
130890201002,block group
130890202001,block group
130890202002,block group
130890203001,block group
130890203002,block group
130890203003,block group
130890204001,block group
130890204002,block group
130890205001,block group
130890205003,block group
130890206001,block group
130890207001,block group
130890207002,block group
130890208011,block group
130890208012,block group
130890208021,block group
130890208023,block group
130890208024,block group
130890209012,block group
130890209021,block group
130890209022,block group
130890211011,block group
130890211012,block group
130890211031,block group
130890211032,block group
130890211033,block group
130890211034,block group
130890211041,block group
130890211042,block group
130890212043,block group
130890212081,block group
130890212082,block group
130890212083,block group
130890212101,block group
130890212102,block group
130890212103,block group
130890212104,block group
130890212111,block group
130890212112,block group
130890212113,block group
130890212131,block group
130890212132,block group
130890212171,block group
130890212172,block group
130890212191,block group
130890212192,block group
130890212193,block group
130890212201,block group
130890212202,block group
130890212211,block group
130890212212,block group
130890212213,block group
130890212221,block group
130890212222,block group
130890212224,block group
130890212231,block group
130890212232,block group
130890212241,block group
130890212251,block group
130890212252,block group
130890212261,block group
130890212262,block group
130890212271,block group
130890212274,block group
130890212275,block group
130890212281,block group
130890212282,block group
130890212291,block group
130890212292,block group
130890212301,block group
130890212302,block group
130890213011,block group
130890213012,block group
130890213013,block group
130890213051,block group
130890213052,block group
130890213053,block group
130890213061,block group
130890213063,block group
130890213064,block group
130890213071,block group
130890213072,block group
130890213073,block group
130890213081,block group
130890213082,block group
130890213083,block group
130890213091,block group
130890213092,block group
130890213101,block group
130890213102,block group
130890213103,block group
130890214051,block group
130890214052,block group
130890214053,block group
130890214054,block group
130890214101,block group
130890214103,block group
130890214111,block group
130890214112,block group
130890214113,block group
130890214121,block group
130890214122,block group
130890214123,block group
130890214152,block group
130890214161,block group
130890214163,block group
130890214173,block group
130890214174,block group
130890214181,block group
130890214182,block group
130890214191,block group
130890214192,block group
130890214201,block group
130890215021,block group
130890215022,block group
130890215031,block group
130890215032,block group
130890215033,block group
130890215051,block group
130890215052,block group
130890215061,block group
130890215062,block group
130890216021,block group
130890216022,block group
130890216024,block group
130890216041,block group
130890216042,block group
130890216061,block group
130890216062,block group
130890216063,block group
130890216071,block group
130890216072,block group
130890216081,block group
130890216091,block group
130890216092,block group
130890217031,block group
130890217032,block group
130890217033,block group
130890217034,block group
130890217071,block group
130890217072,block group
130890217081,block group
130890217091,block group
130890217092,block group
130890217102,block group
130890217112,block group
130890217121,block group
130890217122,block group
130890218081,block group
130890218082,block group
130890218083,block group
130890218121,block group
130890218122,block group
130890218132,block group
130890218151,block group
130890218152,block group
130890218153,block group
130890218161,block group
130890218162,block group
130890218171,block group
130890218181,block group
130890218182,block group
130890218183,block group
130890218191,block group
130890218192,block group
130890218201,block group
130890218211,block group
130890218212,block group
130890218221,block group
130890218222,block group
130890218223,block group
130890218231,block group
130890218232,block group
130890218242,block group
130890219061,block group
130890219064,block group
130890219082,block group
130890219083,block group
130890219101,block group
130890219103,block group
130890219104,block group
130890219121,block group
130890219122,block group
130890219123,block group
130890219133,block group
130890219134,block group
130890219142,block group
130890219143,block group
130890219144,block group
130890219151,block group
130890219152,block group
130890219153,block group
130890219162,block group
130890219172,block group
130890220011,block group
130890220012,block group
130890220013,block group
130890220053,block group
130890220071,block group
130890220101,block group
130890220111,block group
130890220112,block group
130890220121,block group
130890220122,block group
130890220152,block group
130890220161,block group
130890220162,block group
130890220163,block group
130890221001,block group
130890221002,block group
130890222032,block group
130890222051,block group
130890222052,block group
130890222053,block group
130890222061,block group
130890222062,block group
130890222063,block group
130890223021,block group
130890223022,block group
130890223023,block group
130890223031,block group
130890223032,block group
130890223033,block group
130890223041,block group
130890224011,block group
130890224012,block group
130890224013,block group
130890224014,block group
130890224031,block group
130890224032,block group
130890224033,block group
130890224041,block group
130890224052,block group
130890224053,block group
130890225011,block group
130890225013,block group
130890225021,block group
130890225022,block group
130890226011,block group
130890226012,block group
130890226013,block group
130890226014,block group
130890226021,block group
130890227001,block group
130890227002,block group
130890227003,block group
130890228002,block group
130890228003,block group
130890229001,block group
130890229002,block group
130890230001,block group
130890230002,block group
130890231011,block group
130890231012,block group
130890231013,block group
130890231014,block group
130890231021,block group
130890231022,block group
130890231071,block group
130890231072,block group
130890231073,block group
130890231081,block group
130890231082,block group
130890231083,block group
130890231111,block group
130890231121,block group
130890231122,block group
130890231131,block group
130890231132,block group
130890231133,block group
130890231141,block group
130890231142,block group
130890232091,block group
130890232092,block group
130890232093,block group
130890232094,block group
130890232112,block group
130890232121,block group
130890232122,block group
130890232131,block group
130890232133,block group
130890232141,block group
130890232142,block group
130890232143,block group
130890232151,block group
130890232152,block group
130890232153,block group
130890232161,block group
130890232162,block group
130890232172,block group
130890232173,block group
130890232181,block group
130890232182,block group
130890232191,block group
130890232192,block group
130890232201,block group
130890232202,block group
130890232211,block group
130890232222,block group
130890233111,block group
130890233112,block group
130890233113,block group
130890233131,block group
130890233132,block group
130890233133,block group
130890233151,block group
130890233152,block group
130890233153,block group
130890233154,block group
130890233172,block group
130890233173,block group
130890233181,block group
130890233182,block group
130890233201,block group
130890233221,block group
130890233222,block group
130890233231,block group
130890233232,block group
130890233242,block group
130890233252,block group
130890233253,block group
130890233261,block group
130890233262,block group
130890233271,block group
130890233272,block group
130890233273,block group
130890233281,block group
130890233282,block group
130890233283,block group
130890233291,block group
130890233292,block group
130890233302,block group
130890233311,block group
130890233321,block group
130890233322,block group
130890234101,block group
130890234102,block group
130890234103,block group
130890234111,block group
130890234112,block group
130890234113,block group
130890234131,block group
130890234221,block group
130890234222,block group
130890234223,block group
130890234224,block group
130890234241,block group
130890234242,block group
130890234243,block group
130890234251,block group
130890234252,block group
130890234254,block group
130890234261,block group
130890234262,block group
130890234271,block group
130890234272,block group
130890234311,block group
130890234321,block group
130890234322,block group
130890234331,block group
130890234332,block group
130890234341,block group
130890234342,block group
130890234361,block group
130890234362,block group
130890234371,block group
130890234372,block group
130890234373,block group
130890234374,block group
130890234382,block group
130890234383,block group
130890234384,block group
130890234391,block group
130890234392,block group
130890234402,block group
130890234412,block group
130890234421,block group
130890234431,block group
130890234432,block group
130890234434,block group
130890234441,block group
130890234442,block group
130890234451,block group
130890234452,block group
130890234453,block group
130890234461,block group
130890234462,block group
130890234471,block group
130890234472,block group
130890234481,block group
130890234482,block group
130890234483,block group
130890235011,block group
130890235012,block group
130890235013,block group
130890235041,block group
130890235042,block group
130890235043,block group
130890235051,block group
130890235052,block group
130890235061,block group
130890235062,block group
130890235064,block group
130890235071,block group
130890235072,block group
130890235073,block group
130890236011,block group
130890236012,block group
130890236013,block group
130890236021,block group
130890236022,block group
130890236031,block group
130890236032,block group
130890236033,block group
130890237011,block group
130890237023,block group
130890238011,block group
130890238012,block group
130890238013,block group
130890238021,block group
130890238022,block group
130890238023,block group
130890238031,block group
130890238032,block group
130890238033,block group
130890238034,block group
130970801042,block group
130970801043,block group
130970801062,block group
130970801063,block group
130970801071,block group
130970801072,block group
130970802011,block group
130970802012,block group
130970802013,block group
130970802031,block group
130970802032,block group
130970802033,block group
130970802041,block group
130970802042,block group
130970803031,block group
130970803033,block group
130970803041,block group
130970803042,block group
130970803044,block group
130970803051,block group
130970803053,block group
130970803054,block group
130970803061,block group
130970803063,block group
130970803071,block group
130970803072,block group
130970804032,block group
130970804033,block group
130970804051,block group
130970804052,block group
130970804053,block group
130970804061,block group
130970804071,block group
130970804073,block group
130970804081,block group
130970804082,block group
130970804083,block group
130970805051,block group
130970805052,block group
130970805053,block group
130970805061,block group
130970805062,block group
130970805063,block group
130970805071,block group
130970805072,block group
130970805073,block group
130970805081,block group
130970805082,block group
130970805083,block group
130970805091,block group
130970805093,block group
130970805121,block group
130970805122,block group
130970805132,block group
130970805141,block group
130970805142,block group
130970805151,block group
130970805152,block group
130970805153,block group
130970806021,block group
130970806022,block group
130970806023,block group
130970806024,block group
130970806051,block group
130970806052,block group
130970806053,block group
130970806061,block group
130970806062,block group
130970806063,block group
130970806071,block group
130970806072,block group
130970806081,block group
130970806082,block group
131131401021,block group
131131401022,block group
131131401031,block group
131131401032,block group
131131401041,block group
131131401042,block group
131131401043,block group
131131402031,block group
131131402033,block group
131131402041,block group
131131402042,block group
131131402043,block group
131131402061,block group
131131402062,block group
131131402071,block group
131131402074,block group
131131402091,block group
131131402101,block group
131131402102,block group
131131402103,block group
131131402104,block group
131131403032,block group
131131403041,block group
131131403042,block group
131131403043,block group
131131403044,block group
131131403051,block group
131131403052,block group
131131403053,block group
131131403072,block group
131131403073,block group
131131403081,block group
131131403091,block group
131131403092,block group
131131404032,block group
131131404033,block group
131131404041,block group
131131404043,block group
131131404051,block group
131131404052,block group
131131404061,block group
131131404062,block group
131131404081,block group
131131404092,block group
131131404101,block group
131131404102,block group
131131404104,block group
131131405012,block group
131131405014,block group
131131405021,block group
131131405022,block group
131171301011,block group
131171301012,block group
131171301021,block group
131171301022,block group
131171301031,block group
131171301032,block group
131171301033,block group
131171301041,block group
131171301043,block group
131171301051,block group
131171302011,block group
131171302021,block group
131171302022,block group
131171302031,block group
131171302032,block group
131171302033,block group
131171302041,block group
131171302042,block group
131171302043,block group
131171302051,block group
131171302052,block group
131171303011,block group
131171303012,block group
131171303013,block group
131171303021,block group
131171303022,block group
131171303023,block group
131171303031,block group
131171303032,block group
131171303041,block group
131171303042,block group
131171303051,block group
131171303052,block group
131171303053,block group
131171303061,block group
131171303062,block group
131171303071,block group
131171303072,block group
131171304061,block group
131171304062,block group
131171304063,block group
131171304091,block group
131171304101,block group
131171304102,block group
131171304103,block group
131171304112,block group
131171304121,block group
131171304132,block group
131171304151,block group
131171304152,block group
131171305042,block group
131171305052,block group
131171305062,block group
131171305071,block group
131171305072,block group
131171305081,block group
131171305082,block group
131171305091,block group
131171305092,block group
131171305111,block group
131171305112,block group
131171306011,block group
131171306012,block group
131171306013,block group
131171306021,block group
131171306022,block group
131171306031,block group
131171306032,block group
131171306033,block group
131171306041,block group
131171306042,block group
131171306043,block group
131171306051,block group
131171306052,block group
131171306062,block group
131171306071,block group
131171306072,block group
131171306073,block group
131171306081,block group
131171306082,block group
131171306091,block group
131171306092,block group
131171306093,block group
131171306101,block group
131171306111,block group
131171306112,block group
131171306131,block group
131171306132,block group
131171306141,block group
131171306142,block group
131171306151,block group
131171306152,block group
131210001001,block group
131210001003,block group
131210001005,block group
131210002011,block group
131210002012,block group
131210002022,block group
131210004001,block group
131210004002,block group
131210005012,block group
131210005013,block group
131210005021,block group
131210005022,block group
131210006011,block group
131210006012,block group
131210007001,block group
131210010011,block group
131210010021,block group
131210011011,block group
131210011021,block group
131210012031,block group
131210012041,block group
131210012042,block group
131210012052,block group
131210012062,block group
131210012063,block group
131210013011,block group
131210013012,block group
131210013021,block group
131210014001,block group
131210014002,block group
131210014003,block group
131210015011,block group
131210015021,block group
131210015022,block group
131210016001,block group
131210016002,block group
131210017012,block group
131210017021,block group
131210017022,block group
131210018011,block group
131210018012,block group
131210018021,block group
131210019011,block group
131210019021,block group
131210019023,block group
131210021001,block group
131210023001,block group
131210023002,block group
131210024002,block group
131210025001,block group
131210026002,block group
131210028011,block group
131210028022,block group
131210029001,block group
131210029002,block group
131210030001,block group
131210030002,block group
131210030003,block group
131210031001,block group
131210031002,block group
131210032001,block group
131210032002,block group
131210035001,block group
131210035002,block group
131210036002,block group
131210039001,block group
131210039002,block group
131210040001,block group
131210040002,block group
131210040003,block group
131210041001,block group
131210041002,block group
131210041003,block group
131210042002,block group
131210043002,block group
131210044001,block group
131210048001,block group
131210048002,block group
131210049002,block group
131210050001,block group
131210050002,block group
131210052001,block group
131210052002,block group
131210052003,block group
131210052004,block group
131210053001,block group
131210053002,block group
131210055011,block group
131210055012,block group
131210055032,block group
131210055041,block group
131210057001,block group
131210057002,block group
131210058001,block group
131210060001,block group
131210060002,block group
131210060003,block group
131210060004,block group
131210061003,block group
131210062001,block group
131210063001,block group
131210064001,block group
131210065002,block group
131210065003,block group
131210066011,block group
131210066021,block group
131210067012,block group
131210067022,block group
131210068021,block group
131210069001,block group
131210069003,block group
131210070012,block group
131210070021,block group
131210070023,block group
131210071001,block group
131210071002,block group
131210073012,block group
131210073013,block group
131210073021,block group
131210074001,block group
131210075003,block group
131210076021,block group
131210076023,block group
131210076031,block group
131210076041,block group
131210076042,block group
131210077031,block group
131210077032,block group
131210077033,block group
131210077051,block group
131210077052,block group
131210077053,block group
131210077072,block group
131210077082,block group
131210077091,block group
131210077092,block group
131210077093,block group
131210077101,block group
131210077112,block group
131210078051,block group
131210078052,block group
131210078061,block group
131210078062,block group
131210078063,block group
131210078064,block group
131210078071,block group
131210078073,block group
131210078081,block group
131210078082,block group
131210078083,block group
131210078091,block group
131210078092,block group
131210078093,block group
131210078101,block group
131210078102,block group
131210078103,block group
131210079001,block group
131210079002,block group
131210079003,block group
131210079004,block group
131210080001,block group
131210080002,block group
131210080004,block group
131210080005,block group
131210081031,block group
131210081032,block group
131210081041,block group
131210081042,block group
131210081043,block group
131210082021,block group
131210082022,block group
131210082031,block group
131210082041,block group
131210082042,block group
131210082043,block group
131210083011,block group
131210083012,block group
131210083013,block group
131210083022,block group
131210084001,block group
131210084003,block group
131210085002,block group
131210085003,block group
131210086021,block group
131210086022,block group
131210087013,block group
131210087021,block group
131210087022,block group
131210088011,block group
131210088021,block group
131210088022,block group
131210089031,block group
131210089032,block group
131210089051,block group
131210089052,block group
131210089061,block group
131210089071,block group
131210089072,block group
131210089081,block group
131210089082,block group
131210089091,block group
131210090011,block group
131210090012,block group
131210090022,block group
131210091033,block group
131210091041,block group
131210091042,block group
131210091043,block group
131210091051,block group
131210092012,block group
131210092021,block group
131210092022,block group
131210092031,block group
131210092032,block group
131210093011,block group
131210093012,block group
131210093021,block group
131210093022,block group
131210093023,block group
131210094052,block group
131210094053,block group
131210094061,block group
131210094062,block group
131210094071,block group
131210094081,block group
131210094082,block group
131210094091,block group
131210094092,block group
131210094102,block group
131210094111,block group
131210094112,block group
131210095011,block group
131210095012,block group
131210095013,block group
131210095032,block group
131210095041,block group
131210095042,block group
131210096011,block group
131210096012,block group
131210096042,block group
131210096044,block group
131210096051,block group
131210096052,block group
131210096061,block group
131210096071,block group
131210096073,block group
131210097002,block group
131210097003,block group
131210098021,block group
131210098022,block group
131210098031,block group
131210098032,block group
131210098041,block group
131210099001,block group
131210099002,block group
131210099003,block group
131210099004,block group
131210099005,block group
131210100031,block group
131210100032,block group
131210100033,block group
131210100041,block group
131210100042,block group
131210100051,block group
131210100052,block group
131210100062,block group
131210100071,block group
131210100072,block group
131210101061,block group
131210101062,block group
131210101063,block group
131210101064,block group
131210101071,block group
131210101072,block group
131210101081,block group
131210101082,block group
131210101083,block group
131210101151,block group
131210101152,block group
131210101171,block group
131210101172,block group
131210101173,block group
131210101201,block group
131210101202,block group
131210101211,block group
131210101243,block group
131210101252,block group
131210101262,block group
131210101272,block group
131210101291,block group
131210101292,block group
131210101294,block group
131210101302,block group
131210101304,block group
131210101311,block group
131210101321,block group
131210101332,block group
131210101333,block group
131210101352,block group
131210101353,block group
131210101361,block group
131210101371,block group
131210101373,block group
131210102041,block group
131210102042,block group
131210102043,block group
131210102044,block group
131210102111,block group
131210102112,block group
131210102113,block group
131210102114,block group
131210102121,block group
131210102122,block group
131210102123,block group
131210102141,block group
131210102143,block group
131210102151,block group
131210102152,block group
131210102161,block group
131210102162,block group
131210102171,block group
131210102172,block group
131210102181,block group
131210102182,block group
131210102192,block group
131210102201,block group
131210102202,block group
131210102203,block group
131210102211,block group
131210102221,block group
131210102222,block group
131210102231,block group
131210102232,block group
131210102233,block group
131210103052,block group
131210103053,block group
131210103061,block group
131210103062,block group
131210103063,block group
131210103071,block group
131210103072,block group
131210103073,block group
131210103074,block group
131210103081,block group
131210103082,block group
131210103083,block group
131210103091,block group
131210103101,block group
131210103102,block group
131210103103,block group
131210103112,block group
131210103131,block group
131210103132,block group
131210103141,block group
131210103142,block group
131210103151,block group
131210103153,block group
131210104011,block group
131210104012,block group
131210104021,block group
131210104022,block group
131210104023,block group
131210105082,block group
131210105083,block group
131210105171,block group
131210105173,block group
131210105181,block group
131210105183,block group
131210105191,block group
131210105192,block group
131210105201,block group
131210105211,block group
131210105221,block group
131210105222,block group
131210105223,block group
131210105231,block group
131210105241,block group
131210105242,block group
131210105251,block group
131210105253,block group
131210105261,block group
131210105262,block group
131210105263,block group
131210105264,block group
131210105272,block group
131210105274,block group
131210105282,block group
131210105284,block group
131210105291,block group
131210105292,block group
131210105293,block group
131210105301,block group
131210105302,block group
131210105341,block group
131210105351,block group
131210105352,block group
131210105361,block group
131210105362,block group
131210105371,block group
131210105372,block group
131210105381,block group
131210105382,block group
131210105391,block group
131210105401,block group
131210106011,block group
131210106012,block group
131210106014,block group
131210106031,block group
131210106033,block group
131210106041,block group
131210106042,block group
131210106043,block group
131210108013,block group
131210108021,block group
131210108022,block group
131210108023,block group
131210108024,block group
131210110002,block group
131210110003,block group
131210111001,block group
131210111002,block group
131210111003,block group
131210112021,block group
131210112022,block group
131210112024,block group
131210112025,block group
131210112031,block group
131210112032,block group
131210112042,block group
131210113011,block group
131210113013,block group
131210113014,block group
131210113015,block group
131210113061,block group
131210113062,block group
131210113063,block group
131210113071,block group
131210113072,block group
131210113073,block group
131210113081,block group
131210113091,block group
131210113092,block group
131210113093,block group
131210113101,block group
131210113102,block group
131210113103,block group
131210113105,block group
131210114164,block group
131210114171,block group
131210114172,block group
131210114173,block group
131210114191,block group
131210114192,block group
131210114193,block group
131210114194,block group
131210114212,block group
131210114213,block group
131210114214,block group
131210114221,block group
131210114222,block group
131210114223,block group
131210114231,block group
131210114232,block group
131210114233,block group
131210114241,block group
131210114242,block group
131210114244,block group
131210114262,block group
131210114292,block group
131210114293,block group
131210114294,block group
131210114301,block group
131210114302,block group
131210114312,block group
131210114321,block group
131210114322,block group
131210114331,block group
131210114333,block group
131210114341,block group
131210114342,block group
131210114352,block group
131210114353,block group
131210114361,block group
131210114362,block group
131210114363,block group
131210114372,block group
131210114373,block group
131210114381,block group
131210114382,block group
131210114383,block group
131210114384,block group
131210114391,block group
131210114392,block group
131210114401,block group
131210114411,block group
131210114412,block group
131210114421,block group
131210114422,block group
131210114431,block group
131210114432,block group
131210114441,block group
131210114442,block group
131210114451,block group
131210114452,block group
131210114461,block group
131210114462,block group
131210114463,block group
131210115051,block group
131210115052,block group
131210115053,block group
131210115071,block group
131210115072,block group
131210115073,block group
131210115081,block group
131210115082,block group
131210115091,block group
131210115092,block group
131210115101,block group
131210115102,block group
131210115103,block group
131210115111,block group
131210115112,block group
131210115121,block group
131210115131,block group
131210115132,block group
131210115142,block group
131210115151,block group
131210116121,block group
131210116122,block group
131210116123,block group
131210116181,block group
131210116182,block group
131210116183,block group
131210116241,block group
131210116242,block group
131210116271,block group
131210116272,block group
131210116281,block group
131210116282,block group
131210116291,block group
131210116292,block group
131210116293,block group
131210116301,block group
131210116302,block group
131210116311,block group
131210116312,block group
131210116313,block group
131210116314,block group
131210116321,block group
131210116322,block group
131210116331,block group
131210116332,block group
131210116333,block group
131210116341,block group
131210116342,block group
131210116351,block group
131210116352,block group
131210116353,block group
131210116372,block group
131210116381,block group
131210116383,block group
131210116384,block group
131210116391,block group
131210116401,block group
131210116402,block group
131210116411,block group
131210116412,block group
131210116413,block group
131210116422,block group
131210116431,block group
131210116432,block group
131210116433,block group
131210116441,block group
131210116442,block group
131210116443,block group
131210116451,block group
131210116452,block group
131210116453,block group
131210116461,block group
131210116462,block group
131210116471,block group
131210116473,block group
131210116482,block group
131210116491,block group
131210116492,block group
131210116493,block group
131210116501,block group
131210116503,block group
131210116511,block group
131210116512,block group
131210116522,block group
131210116531,block group
131210116532,block group
131210116533,block group
131210116541,block group
131210116542,block group
131210116551,block group
131210116552,block group
131210116561,block group
131210116562,block group
131210116571,block group
131210116572,block group
131210116581,block group
131210116582,block group
131210116591,block group
131210116592,block group
131210116601,block group
131210116602,block group
131210116611,block group
131210116612,block group
131210119012,block group
131210119021,block group
131210119022,block group
131210120003,block group
131210123001,block group
131210123002,block group
131210123003,block group
131210123004,block group
131350501051,block group
131350501052,block group
131350501053,block group
131350501101,block group
131350501102,block group
131350501111,block group
131350501112,block group
131350501121,block group
131350501122,block group
131350501131,block group
131350501132,block group
131350501133,block group
131350501141,block group
131350501142,block group
131350501152,block group
131350501153,block group
131350501161,block group
131350501162,block group
131350501163,block group
131350501164,block group
131350501171,block group
131350501172,block group
131350501181,block group
131350501182,block group
131350501191,block group
131350501192,block group
131350501201,block group
131350501202,block group
131350501213,block group
131350501214,block group
131350502051,block group
131350502053,block group
131350502151,block group
131350502152,block group
131350502181,block group
131350502182,block group
131350502183,block group
131350502191,block group
131350502192,block group
131350502193,block group
131350502211,block group
131350502212,block group
131350502221,block group
131350502222,block group
131350502223,block group
131350502224,block group
131350502232,block group
131350502233,block group
131350502241,block group
131350502242,block group
131350502251,block group
131350502252,block group
131350502253,block group
131350502261,block group
131350502262,block group
131350502271,block group
131350502281,block group
131350502282,block group
131350502283,block group
131350502291,block group
131350502301,block group
131350502302,block group
131350502311,block group
131350502321,block group
131350502322,block group
131350502341,block group
131350502342,block group
131350502351,block group
131350502352,block group
131350502353,block group
131350502361,block group
131350502371,block group
131350502372,block group
131350502381,block group
131350502391,block group
131350502393,block group
131350502401,block group
131350502413,block group
131350502431,block group
131350502433,block group
131350502441,block group
131350502442,block group
131350503062,block group
131350503081,block group
131350503152,block group
131350503181,block group
131350503212,block group
131350503232,block group
131350503233,block group
131350503251,block group
131350503252,block group
131350503253,block group
131350503263,block group
131350503272,block group
131350503282,block group
131350503301,block group
131350503302,block group
131350503311,block group
131350503312,block group
131350503331,block group
131350503333,block group
131350503343,block group
131350503351,block group
131350503362,block group
131350504151,block group
131350504152,block group
131350504153,block group
131350504251,block group
131350504252,block group
131350504253,block group
131350504254,block group
131350504271,block group
131350504272,block group
131350504273,block group
131350504301,block group
131350504302,block group
131350504303,block group
131350504304,block group
131350504331,block group
131350504351,block group
131350504352,block group
131350504371,block group
131350504382,block group
131350504383,block group
131350504384,block group
131350504402,block group
131350504413,block group
131350504421,block group
131350504431,block group
131350504432,block group
131350504441,block group
131350504442,block group
131350504451,block group
131350504452,block group
131350504461,block group
131350504462,block group
131350504471,block group
131350504472,block group
131350504481,block group
131350504482,block group
131350504483,block group
131350504491,block group
131350504492,block group
131350504501,block group
131350504502,block group
131350504511,block group
131350504512,block group
131350504522,block group
131350504533,block group
131350504541,block group
131350504542,block group
131350504551,block group
131350504561,block group
131350504562,block group
131350504571,block group
131350504581,block group
131350504582,block group
131350504592,block group
131350504601,block group
131350504611,block group
131350504612,block group
131350504621,block group
131350504623,block group
131350504631,block group
131350504632,block group
131350504641,block group
131350504642,block group
131350504651,block group
131350504652,block group
131350504661,block group
131350504662,block group
131350505201,block group
131350505202,block group
131350505211,block group
131350505212,block group
131350505213,block group
131350505214,block group
131350505222,block group
131350505223,block group
131350505261,block group
131350505262,block group
131350505263,block group
131350505264,block group
131350505281,block group
131350505282,block group
131350505291,block group
131350505292,block group
131350505293,block group
131350505301,block group
131350505302,block group
131350505303,block group
131350505304,block group
131350505361,block group
131350505362,block group
131350505363,block group
131350505371,block group
131350505372,block group
131350505373,block group
131350505391,block group
131350505392,block group
131350505393,block group
131350505411,block group
131350505412,block group
131350505413,block group
131350505421,block group
131350505422,block group
131350505423,block group
131350505424,block group
131350505491,block group
131350505492,block group
131350505493,block group
131350505501,block group
131350505502,block group
131350505503,block group
131350505511,block group
131350505512,block group
131350505521,block group
131350505522,block group
131350505531,block group
131350505532,block group
131350505541,block group
131350505542,block group
131350505543,block group
131350505551,block group
131350505552,block group
131350505561,block group
131350505562,block group
131350505563,block group
131350505571,block group
131350505572,block group
131350505581,block group
131350505591,block group
131350505592,block group
131350505593,block group
131350505601,block group
131350505602,block group
131350505611,block group
131350505612,block group
131350505613,block group
131350505621,block group
131350505622,block group
131350505631,block group
131350505632,block group
131350505633,block group
131350505641,block group
131350505642,block group
131350505651,block group
131350505652,block group
131350505653,block group
131350505662,block group
131350505671,block group
131350505672,block group
131350505681,block group
131350505682,block group
131350505692,block group
131350505693,block group
131350505701,block group
131350505702,block group
131350505711,block group
131350505712,block group
131350505721,block group
131350505722,block group
131350505731,block group
131350505732,block group
131350505741,block group
131350505742,block group
131350505743,block group
131350505751,block group
131350505752,block group
131350505761,block group
131350505762,block group
131350505771,block group
131350505772,block group
131350505781,block group
131350505782,block group
131350505791,block group
131350505792,block group
131350505793,block group
131350505801,block group
131350505802,block group
131350505811,block group
131350505812,block group
131350505821,block group
131350505831,block group
131350505833,block group
131350505841,block group
131350505843,block group
131350505844,block group
131350505851,block group
131350505852,block group
131350505853,block group
131350505861,block group
131350505862,block group
131350505863,block group
131350505864,block group
131350505871,block group
131350505881,block group
131350505882,block group
131350505891,block group
131350505892,block group
131350505901,block group
131350505902,block group
131350505911,block group
131350505912,block group
131350505913,block group
131350506111,block group
131350506112,block group
131350506121,block group
131350506122,block group
131350506132,block group
131350506133,block group
131350506141,block group
131350506142,block group
131350506151,block group
131350506152,block group
131350506161,block group
131350506162,block group
131350506171,block group
131350506172,block group
131350506174,block group
131350506175,block group
131350506181,block group
131350506182,block group
131350506183,block group
131350506191,block group
131350506193,block group
131350506201,block group
131350506202,block group
131350506211,block group
131350506212,block group
131350506221,block group
131350506222,block group
131350506223,block group
131350506232,block group
131350506233,block group
131350506241,block group
131350506242,block group
131350506252,block group
131350506261,block group
131350506262,block group
131350506263,block group
131350506271,block group
131350506272,block group
131350506273,block group
131350506274,block group
131350506281,block group
131350506282,block group
131350506283,block group
131350506291,block group
131350506301,block group
131350506302,block group
131350506311,block group
131350506312,block group
131350506313,block group
131350506332,block group
131350506342,block group
131350506343,block group
131350506351,block group
131350506352,block group
131350506361,block group
131350506362,block group
131350507151,block group
131350507152,block group
131350507153,block group
131350507154,block group
131350507191,block group
131350507192,block group
131350507193,block group
131350507221,block group
131350507222,block group
131350507252,block group
131350507253,block group
131350507254,block group
131350507292,block group
131350507293,block group
131350507321,block group
131350507322,block group
131350507331,block group
131350507332,block group
131350507341,block group
131350507342,block group
131350507343,block group
131350507351,block group
131350507352,block group
131350507353,block group
131350507361,block group
131350507363,block group
131350507364,block group
131350507371,block group
131350507372,block group
131350507381,block group
131350507383,block group
131350507384,block group
131350507391,block group
131350507392,block group
131350507401,block group
131350507411,block group
131350507412,block group
131350507421,block group
131350507422,block group
131350507423,block group
131350507431,block group
131350507432,block group
131350507433,block group
131350507441,block group
131350507442,block group
131350507443,block group
131350507444,block group
131350507451,block group
131350507452,block group
131350507461,block group
131350507462,block group
131350507463,block group
131350507464,block group
131350507471,block group
131350507472,block group
131350507491,block group
131350507501,block group
131350507502,block group
131350507503,block group
131350507511,block group
131350507512,block group
131350507521,block group
131350507522,block group
131350507531,block group
131350507532,block group
131350507533,block group
131350507541,block group
131350507542,block group
131350507551,block group
131350507561,block group
131350507562,block group
131350507563,block group
131350507571,block group
131350507572,block group
131350507581,block group
131350507582,block group
131350507591,block group
131350507592,block group
131350507601,block group
131350507602,block group
131350507603,block group
131350507611,block group
131350507612,block group
131350507621,block group
131350507623,block group
131350507624,block group
131350507631,block group
131350507632,block group
131350507641,block group
131350507642,block group
131350507652,block group
131510701091,block group
131510701092,block group
131510701093,block group
131510701131,block group
131510701132,block group
131510701141,block group
131510701142,block group
131510701143,block group
131510701151,block group
131510701152,block group
131510701162,block group
131510701171,block group
131510701172,block group
131510701173,block group
131510701181,block group
131510701182,block group
131510701191,block group
131510701192,block group
131510701193,block group
131510701194,block group
131510701201,block group
131510701202,block group
131510701211,block group
131510701212,block group
131510701221,block group
131510701222,block group
131510701231,block group
131510701241,block group
131510701242,block group
131510701251,block group
131510701252,block group
131510701261,block group
131510701262,block group
131510701271,block group
131510701272,block group
131510701281,block group
131510701282,block group
131510702041,block group
131510702042,block group
131510702043,block group
131510702044,block group
131510702061,block group
131510702062,block group
131510702071,block group
131510702081,block group
131510702082,block group
131510702091,block group
131510702092,block group
131510702093,block group
131510702101,block group
131510702102,block group
131510702111,block group
131510702113,block group
131510702122,block group
131510702123,block group
131510702131,block group
131510702141,block group
131510702142,block group
131510702151,block group
131510702161,block group
131510702162,block group
131510703071,block group
131510703072,block group
131510703073,block group
131510703101,block group
131510703102,block group
131510703103,block group
131510703121,block group
131510703122,block group
131510703131,block group
131510703132,block group
131510703133,block group
131510703141,block group
131510703142,block group
131510703143,block group
131510703151,block group
131510703152,block group
131510703153,block group
131510703161,block group
131510703162,block group
131510703171,block group
131510703172,block group
131510703173,block group
131510703181,block group
131510703191,block group
131510703192,block group
131510703201,block group
131510703211,block group
131510703212,block group
131510703222,block group
131510703231,block group
131510703232,block group
131510703241,block group
131510703242,block group
131510703251,block group
131510704051,block group
131510704052,block group
131510704061,block group
131510704062,block group
131510704063,block group
131510704071,block group
131510704072,block group
131510704081,block group
131510704082,block group
131510704091,block group
131510704092,block group
131510704101,block group
131510704102,block group
131510704103,block group
131510704111,block group
131510704112,block group
131510704113,block group
131510704121,block group
131510704123,block group
131510705031,block group
131510705032,block group
131510705041,block group
131510705051,block group
131510705053,block group
131510705061,block group
131510705071,block group
131510705081,block group
131510705082,block group
132470601011,block group
132470601012,block group
132470601013,block group
132470601031,block group
132470601032,block group
132470601041,block group
132470601042,block group
132470602011,block group
132470602012,block group
132470602013,block group
132470602014,block group
132470602031,block group
132470602032,block group
132470602033,block group
132470602034,block group
132470602041,block group
132470602042,block group
132470602043,block group
132470603051,block group
132470603052,block group
132470603053,block group
132470603062,block group
132470603102,block group
132470603103,block group
132470603111,block group
132470603112,block group
132470603121,block group
132470603122,block group
132470603123,block group
132470603131,block group
132470603132,block group
132470603141,block group
132470603142,block group
132470603151,block group
132470603152,block group
132470603161,block group
132470603162,block group
132470603163,block group
132470603171,block group
132470603172,block group
132470603181,block group
132470603182,block group
132470604031,block group
132470604032,block group
132470604061,block group
132470604062,block group
132470604063,block group
132470604064,block group
132470604071,block group
132470604072,block group
132470604073,block group
132470604081,block group
132470604082,block group
132470604091,block group
132470604092,block group
132470604093,block group
132470604101,block group
132470604102,block group
132470604111,block group
